{
  "A_baseline": {
    "mean": 0.00464,
    "std": 0.00699645624584332
  },
  "B_hubs_vulnerable_001": {
    "mean": 0.9700200000000001,
    "std": 0.1704735011666036
  },
  "B2_hubs_moderate_005": {
    "mean": 0.880085,
    "std": 0.3247313740232071
  },
  "C_hubs_removed": {
    "mean": 0.28051666666666664,
    "std": 0.3330264351554478
  },
  "D_hubs_extra_resistant": {
    "mean": 0.00507,
    "std": 0.011579512079530813
  },
  "N": 2000,
  "m": 2,
  "phi": 0.22,
  "n_hubs": 200,
  "hub_degree_range": [
    7,
    113
  ]
}