{
  "A_all": [
    0.8500000000000001,
    0.1,
    0.44999999999999996,
    0.05,
    0.05,
    0.05,
    1.4000000000000001,
    0.1,
    0.3,
    0.05,
    0.15,
    0.05,
    0.25,
    0.05,
    0.05,
    0.15,
    0.05,
    0.2,
    0.44999999999999996,
    0.1,
    0.3,
    0.5499999999999999,
    0.15,
    0.05,
    0.1,
    0.05,
    0.05,
    0.15,
    0.15,
    0.15,
    0.05,
    0.44999999999999996,
    0.05,
    1.15,
    0.05,
    0.1,
    0.2,
    0.05,
    0.1,
    0.2,
    0.7000000000000001,
    0.25,
    0.44999999999999996,
    0.1,
    0.15,
    0.05,
    0.05,
    0.25,
    0.2,
    0.05,
    0.25,
    0.05,
    0.05,
    0.44999999999999996,
    0.7000000000000001,
    0.3,
    0.2,
    0.15,
    0.05,
    0.05,
    0.05,
    0.8500000000000001,
    0.44999999999999996,
    0.15,
    0.1,
    0.1,
    0.8500000000000001,
    0.1,
    0.2,
    0.1,
    0.05,
    0.05,
    0.5499999999999999,
    0.25,
    0.35000000000000003,
    0.5,
    0.5499999999999999,
    0.5499999999999999,
    0.05,
    0.25,
    0.2,
    0.05,
    0.3,
    0.1,
    0.2,
    0.65,
    0.1,
    0.15,
    1.8499999999999999,
    0.05,
    0.05,
    0.05,
    0.1,
    0.05,
    0.7000000000000001,
    1.0999999999999999,
    1.3,
    0.25,
    0.65,
    0.05,
    0.15,
    0.44999999999999996,
    0.1,
    0.1,
    0.15,
    0.05,
    0.05,
    0.95,
    3.15,
    0.05,
    0.05,
    0.4,
    0.5499999999999999,
    10.4,
    0.25,
    1.4500000000000002,
    0.1,
    0.35000000000000003,
    0.3,
    0.25,
    0.05,
    0.05,
    0.05,
    0.1,
    0.25,
    0.05,
    0.75,
    1.4000000000000001,
    0.1,
    0.1,
    0.4,
    0.05,
    0.35000000000000003,
    0.1,
    0.05,
    0.25,
    0.15,
    0.95,
    0.05,
    2.15,
    0.1,
    0.35000000000000003,
    0.15,
    0.75,
    0.05,
    0.05,
    0.4,
    1.15,
    0.8,
    0.05,
    0.05,
    0.8,
    0.25,
    0.05,
    0.1,
    0.05,
    0.1,
    0.15,
    0.05,
    0.1,
    0.35000000000000003,
    0.05,
    0.2,
    0.5499999999999999,
    0.05,
    0.44999999999999996,
    0.05,
    0.05,
    0.05,
    0.1,
    0.1,
    0.1,
    0.05,
    0.05,
    0.2,
    0.7000000000000001,
    0.15,
    0.05,
    0.05,
    0.2,
    0.15,
    0.05,
    0.35000000000000003,
    0.3,
    0.15,
    0.05,
    0.05,
    0.05,
    0.7000000000000001,
    0.05,
    1.25,
    0.05,
    0.05,
    0.15,
    0.1,
    0.15,
    0.05,
    0.05,
    0.4,
    1.15
  ],
  "A_mean": 0.8960416666666666,
  "A_std": 7.070479044232474,
  "A_ci_lo": 0.49599165467691847,
  "A_ci_hi": 1.2960916786564147,
  "A_n_trials": 1200,
  "B_all": [
    100.0,
    100.0,
    100.0,
    100.0,
    100.0,
    0.05,
    100.0,
    100.0,
    100.0,
    100.0,
    100.0,
    100.0,
    100.0,
    100.0,
    100.0,
    100.0,
    100.0,
    100.0,
    100.0,
    100.0,
    100.0,
    100.0,
    100.0,
    100.0,
    100.0,
    0.05,
    100.0,
    100.0,
    100.0,
    100.0,
    100.0,
    100.0,
    100.0,
    100.0,
    100.0,
    100.0,
    100.0,
    100.0,
    100.0,
    100.0,
    100.0,
    100.0,
    100.0,
    100.0,
    100.0,
    100.0,
    100.0,
    100.0,
    100.0,
    100.0,
    100.0,
    100.0,
    100.0,
    100.0,
    100.0,
    100.0,
    100.0,
    100.0,
    100.0,
    100.0,
    100.0,
    100.0,
    100.0,
    100.0,
    100.0,
    100.0,
    100.0,
    100.0,
    100.0,
    100.0,
    100.0,
    100.0,
    100.0,
    100.0,
    100.0,
    100.0,
    100.0,
    100.0,
    100.0,
    100.0,
    100.0,
    100.0,
    100.0,
    100.0,
    100.0,
    100.0,
    100.0,
    100.0,
    100.0,
    100.0,
    100.0,
    100.0,
    100.0,
    100.0,
    100.0,
    100.0,
    100.0,
    100.0,
    100.0,
    100.0,
    100.0,
    100.0,
    100.0,
    100.0,
    100.0,
    100.0,
    100.0,
    100.0,
    100.0,
    100.0,
    100.0,
    100.0,
    100.0,
    100.0,
    100.0,
    100.0,
    100.0,
    100.0,
    100.0,
    100.0,
    0.05,
    100.0,
    100.0,
    100.0,
    100.0,
    100.0,
    100.0,
    100.0,
    100.0,
    100.0,
    100.0,
    100.0,
    100.0,
    100.0,
    100.0,
    100.0,
    100.0,
    100.0,
    100.0,
    100.0,
    100.0,
    100.0,
    100.0,
    100.0,
    100.0,
    100.0,
    100.0,
    100.0,
    100.0,
    100.0,
    100.0,
    100.0,
    100.0,
    100.0,
    100.0,
    100.0,
    100.0,
    100.0,
    100.0,
    100.0,
    100.0,
    100.0,
    100.0,
    100.0,
    100.0,
    100.0,
    100.0,
    100.0,
    100.0,
    100.0,
    100.0,
    100.0,
    100.0,
    100.0,
    100.0,
    100.0,
    100.0,
    100.0,
    100.0,
    100.0,
    100.0,
    0.05,
    100.0,
    100.0,
    100.0,
    100.0,
    100.0,
    100.0,
    100.0,
    100.0,
    100.0,
    0.05,
    100.0,
    100.0,
    100.0,
    100.0,
    100.0,
    100.0,
    100.0,
    100.0
  ],
  "B_mean": 96.41891666666666,
  "B_std": 18.57577298956149,
  "B_ci_lo": 95.36789336814564,
  "B_ci_hi": 97.46993996518768,
  "B_n_trials": 1200,
  "B2_all": [
    100.0,
    100.0,
    100.0,
    100.0,
    100.0,
    0.05,
    100.0,
    100.0,
    100.0,
    100.0,
    100.0,
    100.0,
    100.0,
    100.0,
    0.05,
    100.0,
    100.0,
    100.0,
    100.0,
    100.0,
    100.0,
    100.0,
    100.0,
    0.05,
    100.0,
    0.05,
    100.0,
    100.0,
    100.0,
    100.0,
    100.0,
    100.0,
    100.0,
    100.0,
    0.05,
    100.0,
    100.0,
    100.0,
    0.1,
    100.0,
    100.0,
    100.0,
    100.0,
    100.0,
    100.0,
    100.0,
    100.0,
    100.0,
    100.0,
    100.0,
    100.0,
    100.0,
    100.0,
    100.0,
    100.0,
    100.0,
    100.0,
    100.0,
    100.0,
    100.0,
    100.0,
    100.0,
    100.0,
    100.0,
    100.0,
    100.0,
    100.0,
    0.1,
    100.0,
    100.0,
    100.0,
    100.0,
    100.0,
    100.0,
    100.0,
    100.0,
    100.0,
    100.0,
    100.0,
    100.0,
    100.0,
    100.0,
    100.0,
    100.0,
    100.0,
    100.0,
    100.0,
    100.0,
    100.0,
    100.0,
    0.05,
    100.0,
    100.0,
    100.0,
    100.0,
    100.0,
    100.0,
    100.0,
    100.0,
    100.0,
    100.0,
    100.0,
    100.0,
    100.0,
    100.0,
    100.0,
    100.0,
    100.0,
    100.0,
    0.05,
    0.05,
    100.0,
    100.0,
    100.0,
    100.0,
    100.0,
    100.0,
    100.0,
    100.0,
    100.0,
    0.05,
    100.0,
    100.0,
    0.1,
    100.0,
    100.0,
    100.0,
    100.0,
    0.1,
    100.0,
    100.0,
    100.0,
    100.0,
    100.0,
    100.0,
    100.0,
    100.0,
    100.0,
    100.0,
    100.0,
    100.0,
    100.0,
    100.0,
    100.0,
    0.05,
    100.0,
    100.0,
    100.0,
    100.0,
    100.0,
    100.0,
    100.0,
    100.0,
    100.0,
    100.0,
    100.0,
    100.0,
    100.0,
    0.05,
    100.0,
    100.0,
    100.0,
    100.0,
    100.0,
    0.05,
    100.0,
    100.0,
    100.0,
    100.0,
    100.0,
    100.0,
    100.0,
    100.0,
    100.0,
    100.0,
    100.0,
    100.0,
    100.0,
    100.0,
    100.0,
    100.0,
    0.05,
    100.0,
    100.0,
    100.0,
    100.0,
    100.0,
    100.0,
    100.0,
    100.0,
    100.0,
    0.05,
    100.0,
    0.15,
    100.0,
    100.0,
    100.0,
    100.0,
    100.0,
    100.0
  ],
  "B2_mean": 88.67470833333333,
  "B2_std": 31.677491613366907,
  "B2_ci_lo": 86.88238551893083,
  "B2_ci_hi": 90.46703114773582,
  "B2_n_trials": 1200,