{
  "cascade_before": [
    0.003,
    0.003,
    0.002,
    0.0005,
    0.0005,
    0.001,
    0.001,
    0.0015,
    0.0005,
    0.0005,
    0.0075,
    0.0005,
    0.008,
    0.0005,
    0.001,
    0.008,
    0.008,
    1.0,
    0.0005,
    0.006,
    0.0005,
    0.002,
    0.0005,
    0.0035,
    0.0005,
    0.0005,
    0.0005,
    0.0035,
    0.002,
    0.002,
    0.0015,
    0.001,
    0.0005,
    0.0045,
    0.001,
    0.0005,
    0.001,
    0.0045,
    0.002,
    0.0005,
    0.0015,
    0.0065,
    0.0025,
    0.001,
    0.0075,
    0.002,
    0.002,
    0.0005,
    0.0005,
    0.0005,
    0.002,
    0.0005,
    0.0085,
    0.001,
    0.001,
    0.0005,
    0.0015,
    0.0005,
    0.0005,
    0.0005,
    0.0025,
    0.011,
    0.004,
    0.0005,
    0.006,
    0.011,
    0.0025,
    0.0055,
    0.0005,
    0.011,
    0.002,
    0.0015,
    0.0055,
    0.001,
    0.0045,
    0.0005,
    0.0025,
    0.0005,
    0.0005,
    0.0145,
    0.0005,
    0.0025,
    0.001,
    0.001,
    0.004,
    0.002,
    0.0095,
    0.0005,
    0.003,
    0.0075,
    0.0075,
    0.0035,
    0.003,
    0.0005,
    0.001,
    0.001,
    0.005,
    0.0025,
    0.004,
    0.0005,
    0.005,
    0.003,
    0.0005,
    0.0005,
    0.0005,
    0.0015,
    0.001,
    0.001,
    0.0005,
    0.001,
    0.003,
    0.002,
    0.001,
    0.0005,
    0.0005,
    0.001,
    0.0005,
    0.0125,
    0.003,
    0.001,
    0.002,
    0.0005,
    0.0005,
    0.0005,
    0.001,
    0.0035,
    0.0015,
    0.0005,
    0.001,
    0.001,
    0.0295,
    0.0025,
    0.005,
    0.0035,
    0.0005,
    0.0005,
    0.0015,
    0.0045,
    0.0015,
    0.042,
    0.013,
    0.0005,
    0.0015,
    0.001,
    0.001,
    0.007,
    0.001,
    0.004,
    0.001,
    0.008,
    0.003,
    0.0035,
    0.005,
    0.01,
    0.0015,
    0.0005,
    0.002,
    0.0005,
    0.0005,
    0.0005,
    0.0025,
    0.002,
    0.0005,
    0.0005,
    0.0005,
    0.0065,
    0.003,
    0.0005,
    0.0015,
    0.0035,
    0.005,
    0.0005,
    0.0005,
    0.001,
    0.0005,
    0.0195,
    0.004,
    0.001,
    0.0005,
    0.0045,
    0.003,
    1.0,
    0.0005,
    0.001,
    0.0045,
    0.026,
    0.0005,
    0.0005,
    0.001,
    0.004,
    0.002,
    0.005,
    0.001,
    0.0015,
    0.0195,
    0.003,
    0.013,
    0.005,
    0.0005,
    0.0005
  ],
  "cascade_after": [
    0.0005555555555555556,
    0.5638888888888889,
    0.008888888888888889,
    0.5638888888888889,
    0.0011111111111111111,
    0.0005555555555555556,
    0.0011111111111111111,
    0.043333333333333335,
    0.5638888888888889,
    0.0022222222222222222,
    0.013333333333333334,
    0.5638888888888889,
    0.0016666666666666668,
    0.0011111111111111111,
    0.0022222222222222222,
    0.0033333333333333335,
    0.006111111111111111,
    0.5638888888888889,
    0.5638888888888889,
    0.0016666666666666668,
    0.5955555555555555,
    0.5955555555555555,
    0.0005555555555555556,
    0.5955555555555555,
    0.013888888888888888,
    0.0022222222222222222,
    0.0005555555555555556,
    0.005,
    0.0005555555555555556,
    0.0011111111111111111,
    0.5955555555555555,
    0.0016666666666666668,
    0.5955555555555555,
    0.5955555555555555,
    0.0005555555555555556,
    0.5955555555555555,
    0.0016666666666666668,
    0.005,
    0.0005555555555555556,
    0.5955555555555555,
    0.0016666666666666668,
    0.5738888888888889,
    0.5738888888888889,
    0.5738888888888889,
    0.005,
    0.5738888888888889,
    0.007222222222222222,
    0.0005555555555555556,
    0.0011111111111111111,
    0.0011111111111111111,
    0.0016666666666666668,
    0.005,
    0.0016666666666666668,
    0.0033333333333333335,
    0.0077777777777777776,
    0.006666666666666667,
    0.0016666666666666668,
    0.0005555555555555556,
    0.0016666666666666668,
    0.0011111111111111111,
    0.0005555555555555556,
    0.0005555555555555556,
    0.61,
    0.0005555555555555556,
    0.61,
    0.61,
    0.61,
    0.002777777777777778,
    0.0016666666666666668,
    0.61,
    0.61,
    0.61,
    0.0005555555555555556,
    0.61,
    0.61,
    0.61,
    0.61,
    0.61,
    0.61,
    0.0005555555555555556,
    0.0005555555555555556,
    0.0005555555555555556,
    0.0022222222222222222,
    0.6494444444444445,
    0.0011111111111111111,
    0.6494444444444445,
    0.0033333333333333335,
    0.0077777777777777776,
    0.6494444444444445,
    0.0044444444444444444,
    0.6494444444444445,
    0.6494444444444445,
    0.6494444444444445,
    0.0005555555555555556,
    0.6494444444444445,
    0.0005555555555555556,
    0.6494444444444445,
    0.0005555555555555556,
    0.0005555555555555556,
    0.0005555555555555556,
    0.0005555555555555556,
    0.002777777777777778,
    0.6527777777777778,
    0.0011111111111111111,
    0.04111111111111111,
    0.0011111111111111111,
    0.013888888888888888,
    0.0016666666666666668,
    0.6527777777777778,
    0.6527777777777778,
    0.0005555555555555556,
    0.0005555555555555556,
    0.021666666666666667,
    0.0005555555555555556,
    0.6527777777777778,
    0.6527777777777778,
    0.011111111111111112,
    0.04111111111111111,
    0.0005555555555555556,
    0.0005555555555555556,
    0.5705555555555556,
    0.0005555555555555556,
    0.010555555555555556,
    0.5705555555555556,
    0.011666666666666667,
    0.5705555555555556,
    0.5705555555555556,
    0.5705555555555556,
    0.5705555555555556,
    0.0005555555555555556,
    0.5705555555555556,
    0.03277777777777778,
    0.0022222222222222222,
    0.5705555555555556,
    0.5705555555555556,
    0.5705555555555556,
    0.011111111111111112,
    0.5705555555555556,
    0.5705555555555556,
    0.0005555555555555556,
    0.01888888888888889,
    0.0005555555555555556,
    0.021666666666666667,
    0.002777777777777778,
    0.14555555555555555,
    0.011111111111111112,
    0.0044444444444444444,
    0.0038888888888888888,
    0.0016666666666666668,
    0.0022222222222222222,
    0.0005555555555555556,
    0.0044444444444444444,
    0.0005555555555555556,
    0.011111111111111112,
    0.4572222222222222,
    0.019444444444444445,
    0.08722222222222223,
    0.0005555555555555556,
    0.08722222222222223,
    0.4572222222222222,
    0.0005555555555555556,
    0.0016666666666666668,
    0.6227777777777778,
    0.012777777777777779,
    0.002777777777777778,
    0.0011111111111111111,
    0.6227777777777778,
    0.0011111111111111111,
    0.6227777777777778,
    0.6227777777777778,
    0.009444444444444445,
    0.6227777777777778,
    0.6227777777777778,
    0.0005555555555555556,
    0.0011111111111111111,
    0.0005555555555555556,
    0.0005555555555555556,
    0.6227777777777778,
    0.6227777777777778,
    0.0033333333333333335,
    0.002777777777777778,
    0.0005555555555555556,
    0.0016666666666666668,
    0.006111111111111111,
    0.515,
    0.002777777777777778,
    0.0005555555555555556,
    0.019444444444444445,
    0.515,
    0.515,
    0.005,
    0.515,
    0.515,
    0.0005555555555555556,
    0.5488888888888889,
    0.0038888888888888888,
    0.0016666666666666668,
    0.515,
    0.515,
    0.006111111111111111
  ],
  "phi": 0.22,
  "N": 2000,
  "m": 2,
  "n_networks": 10,
  "n_seeds_per_network": 20
}