{
  "BA-phi0.05": {
    "topo": "BA",
    "N": 10000,
    "phi": 0.05,
    "k_firewall": 20,
    "frac_firewalls": 0.013189999999999999,
    "delta_f_percolation": {
      "mean": 1.6881863186318635,
      "std": 0.037136681752480034,
      "ci_lo": 1.6732598259825984,
      "ci_hi": 1.704605460546055
    },
    "delta_f_cascade": {
      "mean": -0.5902710659537723,
      "std": 0.04598674954243825,
      "ci_lo": -0.6102193955627653,
      "ci_hi": -0.5700651668568929
    }
  },
  "BA-phi0.10": {
    "topo": "BA",
    "N": 10000,
    "phi": 0.1,
    "k_firewall": 10,
    "frac_firewalls": 0.045494999999999994,
    "delta_f_percolation": {
      "mean": 1.6747524752475247,
      "std": 0.04710721622823039,
      "ci_lo": 1.6553480348034806,
      "ci_hi": 1.695649564956496
    },
    "delta_f_cascade": {
      "mean": -0.5219410005188302,
      "std": 0.0882361437646818,
      "ci_lo": -0.5603767785071216,
      "ci_hi": -0.48211633322691744
    }
  },
  "BA-phi0.15": {
    "topo": "BA",
    "N": 10000,
    "phi": 0.15,
    "k_firewall": 6,
    "frac_firewalls": 0.10690999999999999,
    "delta_f_percolation": {
      "mean": 1.6732598259825984,
      "std": 0.0346539028875268,
      "ci_lo": 1.6583333333333337,
      "ci_hi": 1.6896789678967896
    },
    "delta_f_cascade": {
      "mean": -0.31204638994696465,
      "std": 0.13986400421468884,
      "ci_lo": -0.36939674098829134,
      "ci_hi": -0.245079677546343
    }
  },
  "BA-phi0.18": {
    "topo": "BA",
    "N": 10000,
    "phi": 0.18,
    "k_firewall": 5,
    "frac_firewalls": 0.142785,
    "delta_f_percolation": {
      "mean": 1.6747524752475251,
      "std": 0.02970334533216582,
      "ci_lo": 1.6613186318631865,
      "ci_hi": 1.6881863186318633
    },
    "delta_f_cascade": {
      "mean": 1.0257351346145953,
      "std": 0.8875105402784144,
      "ci_lo": 0.6503325876233219,
      "ci_hi": 1.4332513468341954
    }
  },
  "BA-phi0.22": {
    "topo": "BA",
    "N": 10000,
    "phi": 0.22,
    "k_firewall": 4,
    "frac_firewalls": 0.19995000000000002,
    "delta_f_percolation": {
      "mean": 1.686693669366937,
      "std": 0.03716666696669301,
      "ci_lo": 1.6702745274527455,
      "ci_hi": 1.7031128112811285
    },
    "delta_f_cascade": {
      "mean": 207.64546174318033,
      "std": 56.13419203455483,
      "ci_lo": 184.20501501441564,
      "ci_hi": 232.8322548292304
    }
  },
  "BA-phi0.25": {
    "topo": "BA",
    "N": 10000,
    "phi": 0.25,
    "k_firewall": 4,
    "frac_firewalls": 0.19969,
    "delta_f_percolation": {
      "mean": 1.6702745274527455,
      "std": 0.027482587573243882,
      "ci_lo": 1.6583333333333337,
      "ci_hi": 1.6822157215721574
    },
    "delta_f_cascade": {
      "mean": 222.78202031810284,
      "std": 66.35302474897604,
      "ci_lo": 194.953019586552,
      "ci_hi": 251.67059463440825
    }
  },
  "BA-phi0.30": {
    "topo": "BA",
    "N": 10000,
    "phi": 0.3,
    "k_firewall": 3,
    "frac_firewalls": 0.3,
    "delta_f_percolation": {
      "mean": 1.668781878187819,
      "std": 0.036440212534218544,
      "ci_lo": 1.6538180693069304,
      "ci_hi": 1.6852010201020104
    },
    "delta_f_cascade": {
      "mean": 0.43274074074074065,
      "std": 0.2782409323965569,
      "ci_lo": 0.3215736111111111,
      "ci_hi": 0.5642407407407407
    }
  },
  "BA-phi0.40": {
    "topo": "BA",
    "N": 10000,
    "phi": 0.4,
    "k_firewall": 2,
    "frac_firewalls": 0.49946,
    "delta_f_percolation": {
      "mean": 1.6881863186318633,
      "std": 0.035916751780493195,
      "ci_lo": 1.671767176717672,
      "ci_hi": 1.7031128112811285
    },
    "delta_f_cascade": {
      "mean": 0.060777777777777785,
      "std": 0.04993519806195792,
      "ci_lo": 0.03927731481481482,
      "ci_hi": 0.08287129629629626
    }
  },
  "BA-phi0.50": {
    "topo": "BA",
    "N": 10000,
    "phi": 0.5,
    "k_firewall": 2,
    "frac_firewalls": 0.500295,
    "delta_f_percolation": {
      "mean": 1.6598259825982598,
      "std": 0.035823582358235836,
      "ci_lo": 1.644899489948995,
      "ci_hi": 1.6762451245124512
    },
    "delta_f_cascade": {
      "mean": 0.04275925925925926,
      "std": 0.07138387838495791,
      "ci_lo": 0.010981018518518522,
      "ci_hi": 0.07405740740740735
    }
  },
  "WS-phi0.05": {
    "topo": "WS",
    "N": 10000,
    "phi": 0.05,
    "k_firewall": 20,
    "frac_firewalls": 0.0,
    "delta_f_percolation": {
      "mean": 0.33476662316889916,
      "std": 0.017425439936156726,
      "ci_lo": 0.3273206358774005,
      "ci_hi": 0.34223396014563073
    },
    "delta_f_cascade": {
      "mean": -0.07922962962962961,
      "std": 0.03373764209050709,
      "ci_lo": -0.09555964351851849,
      "ci_hi": -0.06517276388888879
    }
  },
  "WS-phi0.10": {
    "topo": "WS",
    "N": 10000,
    "phi": 0.1,
    "k_firewall": 10,
    "frac_firewalls": 0.0,
    "delta_f_percolation": {
      "mean": 0.3262791878172589,
      "std": 0.01837811002199688,
      "ci_lo": 0.3181979695431472,
      "ci_hi": 0.3343604060913706
    },
    "delta_f_cascade": {
      "mean": -0.10979722222222228,
      "std": 0.0409245094924153,
      "ci_lo": -0.12788539814814823,
      "ci_hi": -0.09205078703703713
    }
  },
  "WS-phi0.15": {
    "topo": "WS",
    "N": 10000,
    "phi": 0.15,
    "k_firewall": 6,
    "frac_firewalls": 0.0008750000000000001,
    "delta_f_percolation": {
      "mean": 0.3323401015228426,
      "std": 0.016256862492115616,
      "ci_lo": 0.3252690355329949,
      "ci_hi": 0.33941116751269035
    },
    "delta_f_cascade": {
      "mean": -0.07925611111111117,
      "std": 0.03686865854007419,
      "ci_lo": -0.09502959722222225,
      "ci_hi": -0.06299114814814824
    }
  },
  "WS-phi0.18": {
    "topo": "WS",
    "N": 10000,
    "phi": 0.18,
    "k_firewall": 5,
    "frac_firewalls": 0.014089999999999997,
    "delta_f_percolation": {
      "mean": 0.3279558668600135,
      "std": 0.012064438355899052,
      "ci_lo": 0.32257184205944844,
      "ci_hi": 0.33300662828133326
    },
    "delta_f_cascade": {
      "mean": -0.10168388888888898,
      "std": 0.047202610383208936,
      "ci_lo": -0.12356907870370382,
      "ci_hi": -0.0816795833333334
    }
  },
  "WS-phi0.22": {
    "topo": "WS",
    "N": 10000,
    "phi": 0.22,
    "k_firewall": 4,
    "frac_firewalls": 0.150125,
    "delta_f_percolation": {
      "mean": 0.334412530828451,
      "std": 0.011397212185301216,
      "ci_lo": 0.32966373701049895,
      "ci_hi": 0.33916132464640314
    },
    "delta_f_cascade": {
      "mean": -0.15894611111111107,
      "std": 0.05218731070343433,
      "ci_lo": -0.1820748148148148,
      "ci_hi": -0.13693591666666666
    }
  },
  "WS-phi0.25": {
    "topo": "WS",
    "N": 10000,
    "phi": 0.25,
    "k_firewall": 4,
    "frac_firewalls": 0.14888500000000002,
    "delta_f_percolation": {
      "mean": 0.3347144984318187,
      "std": 0.012274252616050486,
      "ci_lo": 0.3293096446700508,
      "ci_hi": 0.3404213197969543
    },
    "delta_f_cascade": {
      "mean": -0.1371272222222222,
      "std": 0.039730785337471465,
      "ci_lo": -0.15467635648148145,
      "ci_hi": -0.12023994444444451
    }
  },
  "WS-phi0.30": {
    "topo": "WS",
    "N": 10000,
    "phi": 0.3,
    "k_firewall": 3,
    "frac_firewalls": 0.8421349999999999,
    "delta_f_percolation": {
      "mean": 0.3269665435369523,
      "std": 0.016447500119251963,
      "ci_lo": 0.3198954775471047,
      "ci_hi": 0.33437139363007545
    },
    "delta_f_cascade": {
      "mean": 3.1253017199070334,
      "std": 1.5711582512496167,
      "ci_lo": 2.443403015433329,
      "ci_hi": 3.817368384988403
    }
  },
  "WS-phi0.40": {
    "topo": "WS",
    "N": 10000,
    "phi": 0.4,
    "k_firewall": 2,
    "frac_firewalls": 0.9916,
    "delta_f_percolation": {
      "mean": 0.3299866382432162,
      "std": 0.01109765508151244,
      "ci_lo": 0.3252483112399389,
      "ci_hi": 0.3347354320611683
    },
    "delta_f_cascade": {
      "mean": 0.0886296296296297,
      "std": 0.03530274706899285,