{
  "BA-phi0.05": {
    "topo": "BA",
    "N": 2000,
    "phi": 0.05,
    "k_firewall": 20,
    "frac_firewalls": 0.014050000000000003,
    "delta_f_percolation": {
      "mean": 1.6662512418716477,
      "std": 0.09138010327712423,
      "ci_lo": 1.625646162576928,
      "ci_hi": 1.7060987041471278
    },
    "delta_f_cascade": {
      "mean": -0.5699467460499044,
      "std": 0.09631060669865636,
      "ci_lo": -0.6129820341815873,
      "ci_hi": -0.5280390696710578
    }
  },
  "BA-phi0.10": {
    "topo": "BA",
    "N": 2000,
    "phi": 0.1,
    "k_firewall": 10,
    "frac_firewalls": 0.04662500000000001,
    "delta_f_percolation": {
      "mean": 1.6747524752475251,
      "std": 0.08647065476249885,
      "ci_lo": 1.6359435943594363,
      "ci_hi": 1.7106133738373834
    },
    "delta_f_cascade": {
      "mean": -0.5186864844220302,
      "std": 0.10845016127402277,
      "ci_lo": -0.5660539196353,
      "ci_hi": -0.47100716467828896
    }
  },
  "BA-phi0.15": {
    "topo": "BA",
    "N": 2000,
    "phi": 0.15,
    "k_firewall": 6,
    "frac_firewalls": 0.108025,
    "delta_f_percolation": {
      "mean": 1.654843022186864,
      "std": 0.06495565749808926,
      "ci_lo": 1.6264821264386373,
      "ci_hi": 1.6846960074853938
    },
    "delta_f_cascade": {
      "mean": -0.31520630540728833,
      "std": 0.12191981396148337,
      "ci_lo": -0.3675681969058583,
      "ci_hi": -0.2618062672263822
    }
  },
  "BA-phi0.18": {
    "topo": "BA",
    "N": 2000,
    "phi": 0.18,
    "k_firewall": 5,
    "frac_firewalls": 0.14409999999999998,
    "delta_f_percolation": {
      "mean": 1.6643039303930394,
      "std": 0.07603725891878353,
      "ci_lo": 1.632958295829583,
      "ci_hi": 1.6971795304530453
    },
    "delta_f_cascade": {
      "mean": 0.5715548729420044,
      "std": 0.9196963691727162,
      "ci_lo": 0.24411592307547997,
      "ci_hi": 1.0378696645227887
    }
  },
  "BA-phi0.22": {
    "topo": "BA",
    "N": 2000,
    "phi": 0.22,
    "k_firewall": 4,
    "frac_firewalls": 0.20034999999999997,
    "delta_f_percolation": {
      "mean": 1.6752714779853808,
      "std": 0.07347410460690093,
      "ci_lo": 1.6424331941569978,
      "ci_hi": 1.707590759075908
    },
    "delta_f_cascade": {
      "mean": 49.1376585301572,
      "std": 23.61112745421485,
      "ci_lo": 38.71043956746709,
      "ci_hi": 59.91544808635459
    }
  },
  "BA-phi0.25": {
    "topo": "BA",
    "N": 2000,
    "phi": 0.25,
    "k_firewall": 4,
    "frac_firewalls": 0.201025,
    "delta_f_percolation": {
      "mean": 1.6783122602503024,
      "std": 0.08469972945168884,
      "ci_lo": 1.640628578862216,
      "ci_hi": 1.7159061507182882
    },
    "delta_f_cascade": {
      "mean": 50.007790971809996,
      "std": 38.909827312264866,
      "ci_lo": 33.547929982765304,
      "ci_hi": 67.53796481785824
    }
  },
  "BA-phi0.30": {
    "topo": "BA",
    "N": 2000,
    "phi": 0.3,
    "k_firewall": 3,
    "frac_firewalls": 0.30177499999999996,
    "delta_f_percolation": {
      "mean": 1.6558237691941085,
      "std": 0.06381737825414137,
      "ci_lo": 1.6269876987698768,
      "ci_hi": 1.6826914559627852
    },
    "delta_f_cascade": {
      "mean": 1.4659653865452202,
      "std": 0.8910780647016453,
      "ci_lo": 1.097066671160048,
      "ci_hi": 1.878929743993714
    }
  },
  "BA-phi0.40": {
    "topo": "BA",
    "N": 2000,
    "phi": 0.4,
    "k_firewall": 2,
    "frac_firewalls": 0.4997250000000001,
    "delta_f_percolation": {
      "mean": 1.6906666045451,
      "std": 0.07525634404145472,
      "ci_lo": 1.6578283207167168,
      "ci_hi": 1.7240219665908918
    },
    "delta_f_cascade": {
      "mean": 0.3100731700110424,
      "std": 0.29523133228039616,
      "ci_lo": 0.18461403805512117,
      "ci_hi": 0.4391338079173442
    }
  },
  "BA-phi0.50": {
    "topo": "BA",
    "N": 2000,
    "phi": 0.5,
    "k_firewall": 2,
    "frac_firewalls": 0.5003499999999999,
    "delta_f_percolation": {
      "mean": 1.6926642664266427,
      "std": 0.07318549306192981,
      "ci_lo": 1.6598259825982598,
      "ci_hi": 1.724009900990099
    },
    "delta_f_cascade": {
      "mean": 0.36766880162987947,
      "std": 0.24500582350057723,
      "ci_lo": 0.26614302575800153,
      "ci_hi": 0.48109790374428546
    }
  },
  "WS-phi0.05": {
    "topo": "WS",
    "N": 2000,
    "phi": 0.05,
    "k_firewall": 20,
    "frac_firewalls": 0.0,
    "delta_f_percolation": {
      "mean": 0.33702280293169334,
      "std": 0.02611459105306256,
      "ci_lo": 0.3256260235064218,
      "ci_hi": 0.34850542001094287
    },
    "delta_f_cascade": {
      "mean": -0.07292777777777786,
      "std": 0.04751585970882046,
      "ci_lo": -0.09411148148148143,
      "ci_hi": -0.05207666666666682
    }
  },
  "WS-phi0.10": {
    "topo": "WS",
    "N": 2000,
    "phi": 0.1,
    "k_firewall": 10,
    "frac_firewalls": 0.0,
    "delta_f_percolation": {
      "mean": 0.3390374857093774,
      "std": 0.02453884644116982,
      "ci_lo": 0.32796573741752383,
      "ci_hi": 0.349785922366054
    },
    "delta_f_cascade": {
      "mean": -0.0862611111111112,
      "std": 0.051971434494627475,
      "ci_lo": -0.1114445370370371,
      "ci_hi": -0.06490847222222229
    }
  },
  "WS-phi0.15": {
    "topo": "WS",
    "N": 2000,
    "phi": 0.15,
    "k_firewall": 6,
    "frac_firewalls": 0.0009000000000000001,
    "delta_f_percolation": {
      "mean": 0.3460661211657018,
      "std": 0.024331428958053056,
      "ci_lo": 0.3360805022891396,
      "ci_hi": 0.3574582030477797
    },
    "delta_f_cascade": {
      "mean": -0.06777500000000003,
      "std": 0.03131166906851126,
      "ci_lo": -0.08175231481481486,
      "ci_hi": -0.0537424305555556
    }
  },
  "WS-phi0.18": {
    "topo": "WS",
    "N": 2000,
    "phi": 0.18,
    "k_firewall": 5,
    "frac_firewalls": 0.015100000000000002,
    "delta_f_percolation": {
      "mean": 0.3337080081578083,
      "std": 0.019762535815902125,
      "ci_lo": 0.32489777624159755,
      "ci_hi": 0.3421157530754114
    },
    "delta_f_cascade": {
      "mean": -0.07540185185185183,
      "std": 0.04845215991482243,
      "ci_lo": -0.09687921296296301,
      "ci_hi": -0.05550574074074079
    }
  },
  "WS-phi0.22": {
    "topo": "WS",
    "N": 2000,
    "phi": 0.22,
    "k_firewall": 4,
    "frac_firewalls": 0.15175,
    "delta_f_percolation": {
      "mean": 0.3311758488123678,
      "std": 0.02684456857374976,
      "ci_lo": 0.31863471036585495,
      "ci_hi": 0.3424991143530703
    },
    "delta_f_cascade": {
      "mean": -0.13793673834592973,
      "std": 0.07309791550775181,
      "ci_lo": -0.17310279218804972,
      "ci_hi": -0.10728323443164542
    }
  },
  "WS-phi0.25": {
    "topo": "WS",
    "N": 2000,
    "phi": 0.25,
    "k_firewall": 4,
    "frac_firewalls": 0.151125,
    "delta_f_percolation": {
      "mean": 0.3324504878688696,
      "std": 0.020987486107113845,
      "ci_lo": 0.32344131610666865,
      "ci_hi": 0.34157617869306844
    },
    "delta_f_cascade": {
      "mean": -0.14678703703703705,
      "std": 0.08056151329607829,
      "ci_lo": -0.1832768518518519,
      "ci_hi": -0.11243219907407401
    }
  },
  "WS-phi0.30": {
    "topo": "WS",
    "N": 2000,
    "phi": 0.3,
    "k_firewall": 3,
    "frac_firewalls": 0.843225,
    "delta_f_percolation": {
      "mean": 0.3392798558282726,
      "std": 0.022073702227839654,
      "ci_lo": 0.32947244264350717,
      "ci_hi": 0.34851961017881095
    },
    "delta_f_cascade": {
      "mean": 3.9397218844137036,
      "std": 1.9750719258182403,
      "ci_lo": 3.1157028502904165,
      "ci_hi": 4.803642486495737
    }
  },
  "WS-phi0.40": {
    "topo": "WS",
    "N": 2000,
    "phi": 0.4,
    "k_firewall": 2,
    "frac_firewalls": 0.9914249999999999,
    "delta_f_percolation": {
      "mean": 0.3454909022155006,
      "std": 0.033073210379343757,
      "ci_lo": 0.33137925755518816,
      "ci_hi": 0.3606104833625434
    },
    "delta_f_cascade": {
      "mean": 0.4373148148148146,
      "std": 0.22848750840078505,