{
  "params": {
    "N": 2000,
    "m": 2,
    "n_networks": 20,
    "n_seeds": 20,
    "alpha": 0.1
  },
  "kappa": {
    "ba": {
      "mean": 11.991504004004003,
      "std": 0.620607227420752
    },
    "config": {
      "mean": 11.358992573596412,
      "std": 0.5331447542421712
    }
  },
  "percolation": {
    "ba_pre": {
      "mean": 0.1805696202531646,
      "std": 0.010285735109330028
    },
    "ba_post": {
      "mean": 0.7884177215189874,
      "std": 0.01834733603619501
    },
    "config_pre": {
      "mean": 0.1588607594936709,
      "std": 0.00877170437421287
    },
    "config_post": {
      "mean": 0.7512025316455697,
      "std": 0.03207974311434438
    }
  },
  "cascades": {
    "ba": {
      "0.15": {
        "pre_mean": 0.62324,
        "post_mean": 0.40907916666666666,
        "pre_std": 0.4838145873162569,
        "post_std": 0.3160478018002377,
        "amplification": -34.36249812806196
      },
      "0.18": {
        "pre_mean": 0.29779124999999995,
        "post_mean": 0.4041402777777778,
        "pre_std": 0.454261065686283,
        "post_std": 0.3131234264117332,
        "amplification": 35.71261001717742
      },
      "0.2": {
        "pre_mean": 0.34722125000000004,
        "post_mean": 0.3911333333333334,
        "pre_std": 0.47377237722712107,
        "post_std": 0.3148936075471747,
        "amplification": 12.646715410803155
      },
      "0.22": {
        "pre_mean": 0.013968749999999999,
        "post_mean": 0.22933055555555554,
        "pre_std": 0.09936910811936223,
        "post_std": 0.2851718092567235,
        "amplification": 1541.7399950285858
      },
      "0.25": {
        "pre_mean": 0.0066125,
        "post_mean": 0.20929444444444445,
        "pre_std": 0.05019715971795615,
        "post_std": 0.27826639364704703,
        "amplification": 3065.1333753413146
      },
      "0.27": {
        "pre_mean": 0.0019275000000000004,
        "post_mean": 0.0032999999999999995,
        "pre_std": 0.003114842492005013,
        "post_std": 0.003755917142356433,
        "amplification": 71.2062256809338
      },
      "0.3": {
        "pre_mean": 0.0018725000000000002,
        "post_mean": 0.003884722222222222,
        "pre_std": 0.003964529448749246,
        "post_std": 0.004693127486213416,
        "amplification": 107.4618009197448
      }
    },
    "config": {
      "0.15": {
        "pre_mean": 0.69561625,
        "post_mean": 0.49913749999999996,
        "pre_std": 0.4594271877685707,
        "post_std": 0.3314587298313386,
        "amplification": -28.245278916356554
      },
      "0.18": {
        "pre_mean": 0.47736625000000005,
        "post_mean": 0.5009652777777778,
        "pre_std": 0.4971284029161255,
        "post_std": 0.3308773613737814,
        "amplification": 4.9435894929266
      },
      "0.2": {
        "pre_mean": 0.434975,
        "post_mean": 0.49180555555555555,
        "pre_std": 0.4932597863955666,
        "post_std": 0.33425730159988953,
        "amplification": 13.065246406243014
      },
      "0.22": {
        "pre_mean": 0.01851,
        "post_mean": 0.3807194444444444,
        "pre_std": 0.11081220555516436,
        "post_std": 0.3479020957139529,
        "amplification": 1956.8311423254695
      },
      "0.25": {
        "pre_mean": 0.0147025,
        "post_mean": 0.36174999999999996,
        "pre_std": 0.08661843910940673,
        "post_std": 0.34900643035039614,
        "amplification": 2360.465907158646
      },
      "0.27": {
        "pre_mean": 0.0027237500000000005,
        "post_mean": 0.0074111111111111105,
        "pre_std": 0.005254813121082423,
        "post_std": 0.012401953748910833,
        "amplification": 172.0921931569017
      },
      "0.3": {
        "pre_mean": 0.0026025,
        "post_mean": 0.007126388888888888,
        "pre_std": 0.004509655613237002,
        "post_std": 0.011001160765775784,
        "amplification": 173.82858362685448
      }
    }
  }
}