{
  "parameters": {
    "N": 2000,
    "m": 2,
    "alpha": 0.1,
    "n_networks": 50,
    "n_seeds": 20,
    "total_per_phi": 1000,
    "phi_values": [
      0.05,
      0.1,
      0.12,
      0.14,
      0.15,
      0.16,
      0.17,
      0.18,
      0.19,
      0.2,
      0.21,
      0.22,
      0.23,
      0.24,
      0.26,
      0.28,
      0.3,
      0.35,
      0.4,
      0.5
    ]
  },
  "results": {
    "0.05": {
      "pre_mean": 0.9800129999999999,
      "pre_std": 0.13990900911306606,
      "pre_se": 0.00442431133974543,
      "pre_ci95": [
        0.9713413497740989,
        0.9886846502259009
      ],
      "post_mean": 0.4384188888888889,
      "post_std": 0.3137871419577684,
      "post_se": 0.00992282069061135,
      "post_ci95": [
        0.41897016033529066,
        0.45786761744248716
      ],
      "amplification_pct": -55.263972121911756,
      "n_global_pre": 980,
      "n_global_post": 661,
      "n_trials": 1000
    },
    "0.10": {
      "pre_mean": 0.9000765,
      "pre_std": 0.2997705462478761,
      "pre_se": 0.009479577015761305,
      "pre_ci95": [
        0.8814965290491078,
        0.9186564709508921
      ],
      "post_mean": 0.42591111111111113,
      "post_std": 0.31699794874126996,
      "post_se": 0.010024355316237191,
      "post_ci95": [
        0.40626337469128626,
        0.445558847530936
      ],
      "amplification_pct": -52.68056536182078,
      "n_global_pre": 900,
      "n_global_post": 643,
      "n_trials": 1000
    },
    "0.12": {
      "pre_mean": 0.8191775,
      "pre_std": 0.38464082043349224,
      "pre_se": 0.012163410736456695,
      "pre_ci95": [
        0.7953372149565449,
        0.8430177850434551
      ],
      "post_mean": 0.4313311111111111,
      "post_std": 0.3153627272652051,
      "post_se": 0.009972645072805316,
      "post_ci95": [
        0.4117847267684127,
        0.4508774954538095
      ],
      "amplification_pct": -47.345830285730365,
      "n_global_pre": 819,
      "n_global_post": 651,
      "n_trials": 1000
    },
    "0.14": {
      "pre_mean": 0.762309,
      "pre_std": 0.4253067875298958,
      "pre_se": 0.01344938152923769,
      "pre_ci95": [
        0.7359482122026941,
        0.7886697877973059
      ],
      "post_mean": 0.4362761111111111,
      "post_std": 0.3153998377481244,
      "post_se": 0.009973818609316254,
      "post_ci95": [
        0.41672742663685125,
        0.4558247955853709
      ],
      "amplification_pct": -42.76912497279829,
      "n_global_pre": 762,
      "n_global_post": 656,
      "n_trials": 1000
    },
    "0.15": {
      "pre_mean": 0.6186505,
      "pre_std": 0.4850506046792953,
      "pre_se": 0.015338646912284995,
      "pre_ci95": [
        0.5885867520519215,
        0.6487142479480785
      ],
      "post_mean": 0.4276683333333334,
      "post_std": 0.31799200927096455,
      "post_se": 0.010055790270296273,
      "post_ci95": [
        0.40795898440355266,
        0.4473776822631141
      ],
      "amplification_pct": -30.870768982917916,
      "n_global_pre": 618,
      "n_global_post": 643,
      "n_trials": 1000
    },
    "0.16": {
      "pre_mean": 0.641663,
      "pre_std": 0.4788234919372691,
      "pre_se": 0.015141728317170401,
      "pre_ci95": [
        0.611985212498346,
        0.6713407875016539
      ],
      "post_mean": 0.4279588888888889,
      "post_std": 0.31755941882223565,
      "post_se": 0.010042110559176098,
      "post_ci95": [
        0.40827635219290376,
        0.447641425584874
      ],
      "amplification_pct": -33.30472710926313,
      "n_global_pre": 641,
      "n_global_post": 644,
      "n_trials": 1000
    },
    "0.17": {
      "pre_mean": 0.347754,
      "pre_std": 0.47339481934638866,
      "pre_se": 0.014970058616585307,
      "pre_ci95": [
        0.3184126851114928,
        0.3770953148885072
      ],
      "post_mean": 0.38760500000000003,
      "post_std": 0.3223919037325286,
      "post_se": 0.010194927149925299,
      "post_ci95": [
        0.36762294278614643,
        0.40758705721385363
      ],
      "amplification_pct": 11.459537489144632,
      "n_global_pre": 345,
      "n_global_post": 590,
      "n_trials": 1000
    },
    "0.18": {
      "pre_mean": 0.3448405,
      "pre_std": 0.47236303656165773,
      "pre_se": 0.014937430780082297,
      "pre_ci95": [
        0.31556313567103866,
        0.3741178643289613
      ],
      "post_mean": 0.39081055555555555,
      "post_std": 0.3223451673107265,
      "post_se": 0.01019344921449949,
      "post_ci95": [
        0.3708313950951366,
        0.4107897160159745
      ],
      "amplification_pct": 13.330816872019255,
      "n_global_pre": 342,
      "n_global_post": 594,
      "n_trials": 1000
    },
    "0.19": {
      "pre_mean": 0.32098000000000004,
      "pre_std": 0.46369873581885035,
      "pre_se": 0.014663441533282695,
      "pre_ci95": [
        0.292239654594766,
        0.3497203454052341
      ],
      "post_mean": 0.3977216666666667,
      "post_std": 0.32039394385498393,
      "post_se": 0.010131746111058578,
      "post_ci95": [
        0.3778634442889919,
        0.4175798890443415
      ],
      "amplification_pct": 23.908550896213672,
      "n_global_pre": 318,
      "n_global_post": 605,
      "n_trials": 1000
    },
    "0.20": {
      "pre_mean": 0.332913,
      "pre_std": 0.4682025784113112,
      "pre_se": 0.014805865541433233,
      "pre_ci95": [
        0.30389350353879085,
        0.3619324964612092
      ],
      "post_mean": 0.40105944444444447,
      "post_std": 0.32039554949004007,
      "post_se": 0.01013179688569726,
      "post_ci95": [
        0.3812011225484778,
        0.4209177663404111
      ],
      "amplification_pct": 20.469745682639143,
      "n_global_pre": 330,
      "n_global_post": 609,
      "n_trials": 1000
    },
    "0.21": {
      "pre_mean": 0.011018499999999999,
      "pre_std": 0.08332611180026342,
      "pre_se": 0.002635003018546658,
      "pre_ci95": [
        0.005853894083648549,
        0.01618310591635145
      ],
      "post_mean": 0.23257,
      "post_std": 0.2925305756542256,
      "post_se": 0.009250629043075536,
      "post_ci95": [
        0.21443876707557194,
        0.25070123292442803
      ],
      "amplification_pct": 2010.7228751644964,
      "n_global_pre": 7,
      "n_global_post": 378,
      "n_trials": 1000
    },
    "0.22": {
      "pre_mean": 0.008643000000000001,
      "pre_std": 0.0705262685174822,
      "pre_se": 0.0022302364338787047,
      "pre_ci95": [
        0.00427173658959774,
        0.013014263410402262
      ],
      "post_mean": 0.2311488888888889,
      "post_std": 0.2932331286001668,
      "post_se": 0.00927284571793589,
      "post_ci95": [
        0.21297411128173455,
        0.24932366649604326
      ],
      "amplification_pct": 2574.405749032614,
      "n_global_pre": 5,
      "n_global_post": 377,
      "n_trials": 1000
    },
    "0.23": {
      "pre_mean": 0.007950499999999997,
      "pre_std": 0.06323069507565135,
      "pre_se": 0.00199953014474651,
      "pre_ci95": [
        0.004031420916296838,
        0.011869579083703157
      ],
      "post_mean": 0.24577944444444444,
      "post_std": 0.2958544043570573,
      "post_se": 0.009355737735607448,
      "post_ci95": [
        0.22744219848265385,
        0.26411669040623503
      ],
      "amplification_pct": 2991.3709130802404,
      "n_global_pre": 4,
      "n_global_post": 402,
      "n_trials": 1000
    },
    "0.24": {
      "pre_mean": 0.010483000000000001,
      "pre_std": 0.08328177598370487,
      "pre_se": 0.0026336009969241737,
      "pre_ci95": [
        0.005321142046028621,
        0.01564485795397138
      ],
      "post_mean": 0.22395944444444443,
      "post_std": 0.29209249067432963,
      "post_se": 0.009236775579623734,
      "post_ci95": [
        0.20585536430838192,
        0.24206352458050695
      ],
      "amplification_pct": 2036.4060330482155,
      "n_global_pre": 7,
      "n_global_post": 364,
      "n_trials": 1000
    },